DOGS, Nott, CATIZEN and the next is SHARKS! Join SHARKS now
DOGS, Nott, CATIZEN and then SHARKS! Become a SHARK today
DOGS, Nott, CATIZEN and up next, SHARKS! Join the SHARKS now
DOGS, Nott, CATIZEN and following that, SHARKS! Join SHARKS today
DOGS, Nott, CATIZEN and after that, SHARKS! Become a SHARK now
DOGS, Nott, CATIZEN and then comes SHARKS! Join SHARKS today
DOGS, Nott, CATIZEN and next up, SHARKS! Join SHARKS now
DOGS, Nott, CATIZEN and then SHARKS! Join the SHARKS today
DOGS, Nott, CATIZEN and next is SHARKS! Become a SHARK now
DOGS, Nott, CATIZEN and then SHARKS! Join SHARKS now
DOGS, Nott, CATIZEN and SHARKS are next! Join SHARKS today
DOGS, Nott, CATIZEN and SHARKS follow! Join SHARKS now
DOGS, Nott, CATIZEN and SHARKS are coming! Join SHARKS today
DOGS, Nott, CATIZEN and SHARKS are up next! Join SHARKS now
DOGS, Nott, CATIZEN and SHARKS are next! Become a SHARK today
DOGS, Nott, CATIZEN and SHARKS are following! Join SHARKS now
DOGS, Nott, CATIZEN and SHARKS are coming up! Join SHARKS today
DOGS, Nott, CATIZEN and SHARKS are next in line! Join SHARKS now
DOGS, Nott, CATIZEN and SHARKS are next! Join SHARKS today
DOGS, Nott, CATIZEN and SHARKS are next! Become a SHARK now
DOGS, Nott, CATIZEN and SHARKS are next! Join SHARKS now
DOGS, Nott, CATIZEN and SHARKS are next! Join SHARKS today
DOGS, Nott, CATIZEN and SHARKS are next! Become a SHARK today
DOGS, Nott, CATIZEN and SHARKS are next! Join SHARKS now
DOGS, Nott, CATIZEN and SHARKS are next! Join SHARKS today
DOGS, Nott, CATIZEN and SHARKS are next! Become a SHARK now
DOGS, Nott, CATIZEN and SHARKS are next! Join SHARKS now
DOGS, Nott, CATIZEN and SHARKS are next! Join SHARKS today
DOGS, Nott, CATIZEN and SHARKS are next! Become a SHARK today
DOGS, Nott, CATIZEN and SHARKS are next! Join SHARKS now
DOGS, Nott, CATIZEN and SHARKS are next! Join SHARKS today
DOGS, Nott, CATIZEN and SHARKS are next! Become a SHARK now
DOGS, Nott, CATIZEN and SHARKS are next! Join SHARKS now
DOGS, Nott, CATIZEN and SHARKS are next! Join SHARKS today
DOGS, Nott, CATIZEN and SHARKS are next! Become a SHARK today
DOGS, Nott, CATIZEN and SHARKS are next! Join SHARKS now
DOGS, Nott, CATIZEN and SHARKS are next! Join SHARKS today
DOGS, Nott, CATIZEN and SHARKS are next! Become a SHARK now
DOGS, Nott, CATIZEN and SHARKS are next! Join SHARKS now
DOGS, Nott, CATIZEN and SHARKS are next! Join SHARKS today
DOGS, Nott, CATIZEN and SHARKS are next! Become a SHARK today
DOGS, Nott, CATIZEN and SHARKS are next! Join SHARKS now
DOGS, Nott, CATIZEN and SHARKS are next! Join SHARKS today
DOGS, Nott, CATIZEN and SHARKS are next! Become a SHARK now
DOGS, Nott, CATIZEN and SHARKS are next! Join SHARKS now
DOGS, Nott, CATIZEN and SHARKS are next! Join SHARKS today
DOGS, Nott, CATIZEN and SHARKS are next! Become a SHARK today
DOGS, Nott, CATIZEN and SHARKS are next! Join SHARKS now
DOGS, Nott, CATIZEN and SHARKS are next! Join SHARKS today
DOGS, Nott, CATIZEN and SHARKS are next! Become a SHARK now
DOGS, Nott, CATIZEN and SHARKS are next! Join SHARKS now
DOGS, Nott, CATIZEN and SHARKS are next! Join SHARKS today
DOGS, Nott, CATIZEN and SHARKS are next! Become a SHARK today
DOGS, Nott, CATIZEN and SHARKS are next! Join SHARKS now
DOGS, Nott, CATIZEN and SHARKS are next! Join SHARKS today
DOGS, Nott, CATIZEN and SHARKS are next! Become a SHARK now
DOGS, Nott, CATIZEN and SHARKS are next! Join SHARKS now
DOGS, Nott, CATIZEN and SHARKS are next! Join SHARKS today
DOGS, Nott, CATIZEN and SHARKS are next! Become a SHARK today
DOGS, Nott, CATIZEN and SHARKS are next! Join SHARKS now
DOGS, Nott, CATIZEN and SHARKS are next! Join SHARKS today
DOGS, Nott, CATIZEN and SHARKS are next! Become a SHARK now
DOGS, Nott, CATIZEN and SHARKS are next! Join SHARKS now
DOGS, Nott, CATIZEN and SHARKS are next! Join SHARKS today
DOGS, Nott, CATIZEN and SHARKS are next! Become a SHARK today
DOGS, Nott, CATIZEN and SHARKS are next! Join SHARKS now
DOGS, Nott, CATIZEN and SHARKS are next! Join SHARKS today
DOGS, Nott, CATIZEN and SHARKS are next! Become a SHARK now
DOGS, Nott, CATIZEN and SHARKS are next! Join SHARKS now
DOGS, Nott, CATIZEN and SHARKS are next! Join SHARKS today
DOGS, Nott, CATIZEN and SHARKS are next! Become a SHARK today
DOGS, Nott, CATIZEN and SHARKS are next! Join SHARKS now
DOGS, Nott, CATIZEN and SHARKS are next! Join SHARKS today
DOGS, Nott, CATIZEN and SHARKS are next! Become a SHARK now
DOGS, Nott, CATIZEN and SHARKS are next! Join SHARKS now
DOGS, Nott, CATIZEN and SHARKS are next! Join SHARKS today
DOGS, Nott, CATIZEN and SHARKS are next! Become a SHARK today
DOGS, Nott, CATIZEN and SHARKS are next! Join SHARKS now
DOGS, Nott, CATIZEN and SHARKS are next! Join SHARKS today
DOGS, Nott, CATIZEN and SHARKS are next! Become a SHARK now
DOGS, Nott, CATIZEN and SHARKS are next! Join SHARKS now
DOGS, Nott, CATIZEN and SHARKS are next! Join SHARKS today
DOGS, Nott, CATIZEN and SHARKS are next! Become a SHARK today
DOGS, Nott, CATIZEN and SHARKS are next! Join SHARKS now
DOGS, Nott, CATIZEN and SHARKS are next! Join SHARKS today
DOGS, Nott, CATIZEN and SHARKS are next! Become a SHARK now
DOGS, Nott, CATIZEN and SHARKS are next! Join SHARKS now
DOGS, Nott, CATIZEN and SHARKS are next! Join SHARKS today
DOGS, Nott, CATIZEN and SHARKS are next! Become a SHARK today
DOGS, Nott, CATIZEN and SHARKS are next! Join SHARKS now
DOGS, Nott, CATIZEN and SHARKS are next! Join SHARKS today
DOGS, Nott, CATIZEN and SHARKS are next! Become a SHARK now
DOGS, Nott, CATIZEN and SHARKS are next! Join SHARKS now
DOGS, Nott, CATIZEN and SHARKS are next! Join SHARKS today
DOGS, Nott, CATIZEN and SHARKS are next! Become a SHARK today
DOGS, Nott, CATIZEN and SHARKS are next! Join SHARKS now
DOGS, Nott, CATIZEN and SHARKS are next! Join SHARKS today
DOGS, Nott, CATIZEN and SHARKS are next! Become a SHARK now
DOGS, Nott, CATIZEN and SHARKS are next! Join SHARKS now
DOGS, Nott, CATIZEN and SHARKS are next! Join SHARKS today
DOGS, Nott, CATIZEN and SHARKS are next! Become a SHARK today
DOGS, Nott, CATIZEN and SHARKS are next! Join SHARKS now
DOGS, Nott, CATIZEN and SHARKS are next! Join SHARKS today
DOGS, Nott, CATIZEN and SHARKS are next! Become a SHARK now
DOGS, Nott, CATIZEN and SHARKS are next! Join SHARKS now
DOGS, Nott, CATIZEN and SHARKS are next! Join SHARKS today
DOGS, Nott, CATIZEN and SHARKS are next! Become a SHARK today
DOGS, Nott, CATIZEN and SHARKS are next! Join SHARKS now
DOGS, Nott, CATIZEN and SHARKS are next! Join SHARKS today
DOGS, Nott, CATIZEN and SHARKS are next! Become a SHARK now
DOGS, Nott, CATIZEN and SHARKS are next! Join SHARKS now
DOGS, Nott, CATIZEN and SHARKS are next! Join SHARKS today
DOGS, Nott, CATIZEN and SHARKS are next! Become a SHARK today
DOGS, Nott, CATIZEN and SHARKS are next! Join SHARKS now
DOGS, Nott, CATIZEN and SHARKS are next! Join SHARKS today
DOGS, Nott, CATIZEN and SHARKS are next! Become a SHARK now
DOGS, Nott, CATIZEN and SHARKS are next! Join SHARKS now
DOGS, Nott, CATIZEN and SHARKS are next!
